[{ "id": "Setup", "parent" : "#", "text": "Setup", "a_attr": {"href": "Setup.html"} , "icon": "icon-16" },{ "id": "Figure", "parent" : "Setup", "text": "Figure", "a_attr": {"href": "Figure.html"}  },{ "id": "Requirements", "parent" : "Setup", "text": "Requirements", "a_attr": {"href": "Requirements.html"}  },{ "id": "FileStructure", "parent" : "Setup", "text": "File Structure", "a_attr": {"href": "FileStructure.html"}  },{ "id": "LocalMediaArchive", "parent" : "Setup", "text": "Local Media Archive", "a_attr": {"href": "LocalMediaArchive.html"}  },{ "id": "Configuration", "parent" : "#", "text": "Configuration", "a_attr": {"href": "Configuration.html"} , "icon": "icon-40" },{ "id": "App", "parent" : "Configuration", "text": "App", "a_attr": {"href": "App.html"}  },{ "id": "Stores", "parent" : "Configuration", "text": "Stores", "a_attr": {"href": "Stores.html"}  },{ "id": "Banner", "parent" : "Configuration", "text": "Banner", "a_attr": {"href": "Banner.html"}  }]